,m,mean_<k>,std_<k>,mean_gamma,std_gamma,mean_path,std_path,mean_cc,std_cc,mean_no_general_day,std_no_general_day,mean_age_general_day,std_age_general_day,mean_ring_general_day,std_ring_general_day,mean_k_general_day,std_k_general_day,mean_between_general_day,std_between_general_day,mean_close_general_day,std_close_general_day,mean_percolation_general_day,std_percolation_general_day,mean_eigen_general_day,std_eigen_general_day,mean_no_general_cumulative,std_no_general_cumulative,mean_age_general_cumulative,std_age_general_cumulative,mean_ring_general_cumulative,std_ring_general_cumulative,mean_k_general_cumulative,std_k_general_cumulative,mean_between_general_cumulative,std_between_general_cumulative,mean_close_general_cumulative,std_close_general_cumulative,mean_percolation_general_cumulative,std_percolation_general_cumulative,mean_eigen_general_cumulative,std_eigen_general_cumulative,mean_no_general_incidence,std_no_general_incidence,mean_age_general_incidence,std_age_general_incidence,mean_ring_general_incidence,std_ring_general_incidence,mean_k_general_incidence,std_k_general_incidence,mean_between_general_incidence,std_between_general_incidence,mean_close_general_incidence,std_close_general_incidence,mean_percolation_general_incidence,std_percolation_general_incidence,mean_eigen_general_incidence,std_eigen_general_incidence,mean_no_female_day,std_no_female_day,mean_age_female_day,std_age_female_day,mean_ring_female_day,std_ring_female_day,mean_k_female_day,std_k_female_day,mean_between_female_day,std_between_female_day,mean_close_female_day,std_close_female_day,mean_percolation_female_day,std_percolation_female_day,mean_eigen_female_day,std_eigen_female_day,mean_no_female_cumulative,std_no_female_cumulative,mean_age_female_cumulative,std_age_femalecumulative,mean_ring_female_cumulative,std_ring_female_cumulative,mean_k_female_cumulative,std_k_female_cumulative,mean_between_female_cumulative,std_between_female_cumulative,mean_close_female_cumulative,std_close_female_cumulative,mean_percolation_female_cumulative,std_percolation_female_cumulative,mean_eigen_female_cumulative,std_eigen_female_cumulative,mean_no_female_incidence,std_no_female_incidence,mean_age_female_incidence,std_age_female_incidence,mean_ring_female_incidence,std_ring_female_incidence,mean_k_female_incidence,std_k_female_incidence,mean_between_female_incidence,std_between_female_incidence,mean_close_female_incidence,std_close_female_incidence,mean_percolation_female_incidence,std_percolation_female_incidence,mean_eigen_female_incidence,std_eigen_female_incidence,mean_no_male_day,std_no_male_day,mean_age_male_day,std_age_male_day,mean_ring_male_day,std_ring_male_day,mean_k_male_day,std_k_male_day,mean_between_male_day,std_between_male_day,mean_close_male_day,std_close_male_day,mean_percolation_male_day,std_percolation_male_day,mean_eigen_male_day,std_eigen_male_day,mean_no_male_cumulative,std_no_male_cumulative,mean_age_male_cumulative,std_age_malecumulative,mean_ring_male_cumulative,std_ring_male_cumulative,mean_k_male_cumulative,std_k_male_cumulative,mean_between_male_cumulative,std_between_male_cumulative,mean_close_male_cumulative,std_close_male_cumulative,mean_percolation_male_cumulative,std_percolation_male_cumulative,mean_eigen_male_cumulative,std_eigen_male_cumulative,mean_no_male_incidence,std_no_male_incidence,mean_age_male_incidence,std_age_male_incidence,mean_ring_male_incidence,std_ring_male_incidence,mean_k_male_incidence,std_k_male_incidence,mean_between_male_incidence,std_between_male_incidence,mean_close_male_incidence,std_close_male_incidence,mean_percolation_male_incidence,std_percolation_male_incidence,mean_eigen_male_incidence,std_eigen_male_incidence
0,0.5,2.0320916666666666,0.041374407515059636,3.403401787087725,0.14723246472247367,7.593057471897742,1.465686303169181,0.25655314159408166,0.005628117654327414,184.3,16.840724449975422,247.2,16.809521111560557,289.5,41.28740728115535,375.5,18.348024416813924,368.0,34.34530535604539,292.2,35.83796869243568,364.0,32.20869447835476,299.6,51.1941402896855,6347.9,86.04702202865593,4917.4,66.88976005338934,4891.7,56.891211975137246,4658.4,87.39015962910241,4724.4,98.44612739971035,4818.9,52.382153449433524,4723.9,68.34683606429782,4812.9,2.280350850198276,47.9,6.833008122342603,26.2,3.515679166249389,21.2,1.7776388834631176,19.5,1.5652475842498528,19.9,1.972308292331602,20.4,1.0198039027185568,19.5,1.6881943016134133,22.0,2.280350850198276,165.2,20.262280227062302,239.5,19.355877660287067,259.5,19.231484602078957,370.0,37.26929030716845,356.7,33.94127281054733,281.9,32.35567956325443,360.0,30.63005060394122,292.4,40.839196857920705,3278.4,69.17976582787773,2553.4,53.744208990364726,2326.1,42.57569729317419,2543.4,53.1943606033572,2501.7,56.167695341717554,2450.9,95.9098013760846,2525.8,57.11182014259395,2461.5,1.8330302779823358,30.4,2.835489375751565,16.9,3.1128764832546763,13.8,1.5999999999999999,13.3,1.4866068747318506,13.4,1.624807680927192,12.6,1.2806248474865698,13.5,1.6881943016134133,13.8,1.8330302779823358,198.5,24.075921581530373,274.2,29.583103285490516,300.3,45.13546277595921,384.4,27.691876065012277,391.5,38.20013088982812,305.4,41.44683341342255,381.9,30.76507760432273,325.5,29.910700426436023,3069.5,86.79775342714811,2364.0,65.87108622149782,2565.6,56.77886930892513,2115.0,70.25524891422704,2222.7,57.4735591380941,2368.0,81.27238153271996,2198.1,42.399174520266314,2351.4,1.7888543819998317,22.3,2.4919871588754225,12.9,1.374772708486752,11.6,0.8,10.6,1.2,10.5,1.118033988749895,11.7,1.004987562112089,11.1,0.9433981132056604,12.0,1.7888543819998317
1,1.0,2.8509416666666665,0.05248583869853744,3.218081409190385,0.1300969042862999,6.490958793531822,0.6238981074205674,0.1986907114798535,0.004077647018214039,119.6,13.23782459469833,158.2,21.122499852053497,177.2,29.593242471888747,262.4,36.94644773181855,263.1,36.79252641502075,224.5,27.247935701627014,256.9,26.261949661059056,227.4,22.2270105952195,6688.8,54.29880293339808,5233.6,67.3902070036886,5244.5,54.41736855085883,5054.4,61.8582249987825,5114.9,41.40881548656035,5172.7,71.6310686783326,5116.5,100.67397876313422,5181.4,7.280796659706958,89.2,7.573638491504595,53.6,6.003332407921453,43.3,7.1700767080973415,25.9,4.948737212663449,25.8,4.445222154178574,27.0,3.3466401061363023,25.9,4.036087214122113,29.7,7.280796659706958,105.6,14.520330574749323,140.0,18.686893802876924,162.6,20.18018830437417,257.0,34.589015597440756,259.3,34.88853679935575,220.2,34.573978654473656,236.9,26.508300586797336,213.6,18.602150413325877,3401.4,80.04398790665043,2697.4,54.42462677869275,2437.0,88.75246475450696,2682.1,61.53121159216678,2691.3,49.49151442419195,2526.2,75.12629366606609,2624.4,65.83038811977337,2611.2,3.774917217635375,55.0,4.33589667773576,34.4,3.7202150475476548,27.0,5.118593556827891,16.5,2.9068883707497264,16.8,1.6,16.5,2.6551836094703507,15.5,2.7294688127912363,17.5,3.774917217635375,131.6,15.672906558772052,188.4,24.795967414077637,206.9,22.735214975891477,277.8,23.587284710199263,263.9,37.940611486901474,246.0,44.01136216933077,263.7,34.93150440504961,250.2,30.05594783067072,3287.4,87.76012762069116,2536.2,57.7075385023482,2807.5,121.76308964542581,2372.3,88.13291099243233,2423.6,61.72714151813609,2646.5,52.940060445753176,2492.1,61.63351361069722,2570.2,2.764054992217051,40.3,3.2572994949804666,24.7,2.8653097563788807,20.3,3.195309061734091,13.5,2.8722813232690143,13.4,2.615339366124404,15.0,1.8973665961010275,15.0,3.492849839314596,15.4,2.764054992217051
2,1.5,3.7663333333333333,0.06391435241355767,3.0117390499522734,0.11024283299494807,5.662105275861747,0.49008053778958705,0.15418726388017728,0.003035938926529412,82.9,8.859458222713169,107.3,10.67754653466797,127.2,13.219682295728594,189.7,20.238824076511953,181.3,18.921152184790436,164.4,18.0897761180176,190.5,35.205823381934984,166.8,20.6194083329275,6870.0,64.99384586251225,5417.9,41.25639344392576,5491.2,58.70059624910125,5270.1,70.90338496856126,5389.7,65.59428328749388,5431.5,69.57765445888501,5363.2,76.43664042852747,5392.3,11.18212859879549,105.6,6.483826030978932,74.0,5.0,67.8,4.1182520563948,35.7,6.649060083951716,42.1,8.870738413458037,51.6,9.32952303175248,40.3,11.696580696938742,49.4,11.18212859879549,77.2,7.025667228100119,104.3,17.58436805802244,113.8,15.451860729374957,189.8,18.845689162246096,177.4,17.476841819962782,147.8,20.183161298468583,180.6,36.33785904535378,157.1,23.784238478454593,3487.5,66.34643924130367,2746.2,47.32187654774481,2526.3,70.5578486066575,2830.5,77.27256951855554,2783.5,38.468818541774844,2639.8,60.94062684285418,2681.3,59.854907902360026,2553.3,7.0823724838503095,63.6,3.2924155266308657,45.4,3.2619012860600183,40.2,3.124099870362662,23.0,5.039841267341661,25.6,4.317406628984581,32.9,4.657252408878008,24.8,7.520638270785266,29.2,7.0823724838503095,98.7,15.918856742869446,116.1,13.171560272040667,151.4,16.805951326836574,204.1,35.220590568586445,191.9,29.6831602091152,180.6,22.628300864183327,200.1,30.14448539948891,194.7,19.74867084135031,3382.5,84.09667056429761,2671.7,46.43716184264495,2964.9,78.2463417675229,2439.6,76.00815745694669,2606.2,79.61884199107647,2791.7,80.97660155872188,2681.9,45.467460892378845,2839.0,5.932958789676531,48.4,3.2,34.1,3.419064199455752,33.0,3.794733192202055,17.0,3.3166247903554,21.0,5.138093031466052,24.8,4.955804677345546,20.5,4.318564576337836,25.0,5.932958789676531
3,2.0,4.6484,0.07682328929288162,2.8207301087317265,0.10570046166109981,5.210549314793614,0.04143446885236634,0.12527006145350744,0.002509240949522185,67.6,6.499230723708768,86.0,10.526157893552615,95.6,14.465130486794788,144.0,25.47155275989275,134.8,19.645864704817654,118.8,21.348536249588633,134.3,27.400912393568213,118.6,13.61763562443936,6982.9,94.39962923656005,5541.3,73.90811863388217,5570.9,51.403210016496054,5481.6,65.04951959853355,5480.5,44.57858230136979,5552.2,65.38317826474942,5471.8,73.38501209375113,5551.8,9.06697303403953,108.3,4.001249804748512,82.4,4.199999999999999,85.2,4.512205669071391,57.5,9.912113800799505,61.6,11.959933110180842,68.8,10.20588065773846,63.1,11.103603018840326,72.3,9.06697303403953,66.8,9.26066952223218,78.5,9.113177272499422,80.0,10.178408519999577,137.7,23.293990641364992,124.8,28.280028288528992,115.3,24.248917501612315,129.5,29.25833214658689,113.9,15.946472964263917,3467.7,76.42911748803593,2827.1,40.023618027359795,2496.3,51.66052651686779,2826.5,56.840566499640026,2776.1,67.65862842239709,2697.8,80.24811524266474,2776.2,106.76497553036764,2652.1,5.329165037789691,66.7,3.034798181098704,50.7,2.5317977802344327,50.3,3.226453160980336,36.4,6.514598989960933,38.5,6.711929677819934,42.2,9.019977827023745,38.8,6.384355879804947,42.0,5.329165037789691,81.5,11.074746046749786,100.1,10.783784122468328,127.2,15.797468151574163,165.9,28.04086303950005,150.0,20.144478151592807,137.7,19.370338148829514,151.0,32.58220373148507,133.2,18.32375507367417,3515.2,127.34582835727285,2714.2,96.057066372027,3074.6,50.45037165373512,2655.1,81.2557074918433,2704.4,77.54250447335319,2854.4,79.30598968552124,2695.6,66.42619965043913,2899.7,5.119570294468081,49.3,2.794637722496424,38.4,2.2891046284519194,40.6,4.94368283772331,26.3,3.976179070414209,28.9,5.08822169328342,32.3,4.712748667179272,29.1,4.437341546466759,34.7,5.119570294468081
4,2.5,5.5224,0.07313363719171147,2.66145901923446,0.11639787680835272,4.850998537419502,0.027692299083752026,0.1050778322243137,0.0017897920268421755,63.9,3.6728735344413916,73.0,6.752777206453653,80.3,7.668767828015137,113.7,14.114177269681715,104.3,8.556284240252891,100.6,9.92169340384997,115.8,22.981731875557163,108.6,14.561593319413916,7071.2,84.42961565706669,5546.4,62.22571815575936,5663.1,62.42347314912877,5545.1,74.6732214384782,5587.0,51.31276644267,5626.8,61.773457083119446,5618.6,50.46028141023393,5610.3,4.5661800227323495,112.6,4.454211490264018,88.4,4.498888751680797,89.2,6.161168720299745,74.1,6.10655385630881,79.4,4.24735211631906,78.3,7.211795892841116,70.2,14.119490075778232,77.5,4.5661800227323495,62.8,5.230678732248808,65.6,7.241546796092669,65.1,5.855766388782941,108.0,12.89961239727768,90.6,10.121264743103996,92.2,10.33247308247159,112.8,22.86394541630993,99.1,11.423221962301179,3543.1,56.89894550868232,2816.4,48.51226649003322,2536.3,40.32381430370892,2850.5,62.659795722616266,2778.5,49.44744685016609,2772.4,48.81024482626572,2797.8,64.09960998321284,2606.4,5.3814496188294845,69.1,4.182104733265296,54.3,2.9342801502242426,55.5,5.408326913195984,45.2,4.833218389437829,47.2,3.7363083384538807,47.6,4.386342439892262,40.9,8.653900854527974,47.2,5.3814496188294845,68.8,9.173875952943773,82.3,7.629547824084989,102.8,11.762652762026088,137.3,23.761523520178585,122.7,15.382132491953122,117.7,23.169160537231384,130.9,23.628161164170184,122.9,18.234308322500198,3528.1,72.20588618665379,2730.0,62.73117247429702,3126.8,74.8783012627824,2694.6,75.16940867134716,2808.5,65.3318452211477,2854.4,73.64672429918387,2820.8,80.16458070744211,3003.9,2.764054992217051,52.1,4.3920382511995495,40.4,2.6907248094147422,40.9,3.2388269481403293,33.1,3.5057096285916214,38.2,3.867815921162743,35.7,2.8653097563788807,33.2,5.418486873657627,37.6,2.764054992217051
5,3.0,6.357866666666667,0.0856314064918811,2.5034014763710646,0.09734056365734095,4.5864591003909965,0.026767057915025753,0.09073244872064806,0.0013852335612498008,61.3,7.184010022264724,64.9,5.61159513863928,69.2,7.359347797189639,101.4,20.790382391865716,88.2,14.344336861632886,90.0,14.946571513226704,87.8,11.998333217576516,86.2,11.660188677718727,7106.1,66.65350703451395,5668.8,73.89424876132107,5692.7,93.40669140912765,5600.1,44.40146393982973,5614.1,57.72425833217782,5659.8,83.54016997828052,5675.0,55.440057720027674,5709.5,5.5901699437494745,115.8,8.316249154516717,92.1,5.923681287847955,90.5,4.410215414239989,78.4,8.912911982062877,85.2,4.044749683231337,88.2,6.128621378417825,87.5,5.352569476429054,88.5,5.5901699437494745,54.4,3.8000000000000003,61.4,7.761443164772902,58.1,7.634788798650556,93.1,21.191743675309024,77.7,6.277738446287803,78.2,15.328405005087776,79.4,10.910545357588685,77.1,14.376717288727631,3574.7,77.40032299674208,2839.5,59.38560431619771,2601.2,83.74699994626673,2886.2,75.65024785154374,2785.5,51.022054055084844,2747.6,47.011062527877414,2799.0,37.5393127267935,2677.5,4.1182520563948,70.6,3.9293765408777004,56.9,5.593746508378798,54.0,3.0,48.3,6.94334213473598,50.2,2.9597297173897488,52.7,4.1000000000000005,52.6,3.261901286060018,52.8,4.1182520563948,71.8,10.552724766618335,72.6,12.443472184241823,87.0,9.6850400102426,109.7,20.727035485085658,102.0,10.26645021416848,102.7,12.696850003051939,94.1,10.709341716464182,99.6,15.894653189044423,3531.4,91.1341867797151,2829.3,62.85228715011093,3091.5,77.53998968274371,2713.9,79.129577276768,2828.6,65.46938215685252,2912.2,97.11827840319248,2876.0,49.54190145725131,3032.0,2.5377155080899043,50.2,3.124099870362662,41.6,1.685229954635272,42.9,2.7367864366808017,35.0,4.147288270665544,39.9,3.7269290307168443,40.4,2.6153393661244038,40.8,3.2496153618543846,41.4,2.5377155080899043
6,3.5,7.118475000000001,0.11369565582192562,2.398259105588308,0.12008661887250267,4.396683186125109,0.02854673518574218,0.08062622264543835,0.0014126480599068478,53.5,4.924428900898052,59.0,9.38083151964686,64.5,6.621933252457322,77.1,15.09602596712128,84.3,9.940321926376429,73.8,18.443427013437606,81.0,17.332051234634633,75.4,10.05186549850325,7124.5,53.597108130943035,5720.7,41.70383675394867,5756.0,57.49260822053562,5694.1,43.88724188189548,5636.6,48.656345937606126,5688.8,73.0832402127875,5696.2,72.33228877894021,5707.4,7.582216034906945,120.5,11.002272492535349,94.1,5.734980383575867,96.7,9.434511116109832,89.0,5.796550698475776,92.0,6.4031242374328485,90.8,4.935585071701226,92.3,8.967162315916893,92.9,7.582216034906945,48.8,5.861740355901138,52.6,4.800000000000001,57.3,9.230926280715279,75.7,15.40162329106903,73.9,11.596982366115766,65.3,7.416872656315464,79.7,17.838441635972575,70.2,8.89719056781409,3555.4,56.00749949783511,2846.7,65.9197239071888,2542.2,81.70042839544968,2850.5,60.823104162809706,2742.6,65.05105687073808,2742.0,77.30717948547857,2831.8,40.85780219248216,2680.0,3.7735924528226414,73.8,3.789459064299283,57.5,3.5,57.3,5.404627646748664,54.4,3.954743986657038,56.1,6.89129886160802,55.5,3.4713109915419564,55.7,4.337049688440288,55.4,3.7735924528226414,62.1,10.054352291420866,65.8,10.934349546269317,79.9,12.926329718833571,98.5,16.96614275549985,95.3,16.888161534045082,90.0,21.633307652783937,95.9,25.703890756070372,87.3,17.088300090997933,3569.1,59.70000000000001,2874.0,80.77128202523468,3213.8,106.38590132155669,2843.6,72.27198627407441,2894.0,34.055836504188235,2946.8,96.93688668406882,2864.4,61.03638259267992,3027.4,3.5832945734337835,53.8,6.675327707311455,44.0,2.449489742783178,46.8,4.707440918375928,39.9,3.590264614203248,43.2,2.2271057451320084,42.3,2.2825424421026654,43.3,4.1,42.4,3.5832945734337835
7,4.0,7.817841666666666,0.1069803846895931,2.2827092558350515,0.11477932788967696,4.250864487340332,0.0224688708925647,0.07318757331212286,0.0011375927593039559,48.8,6.144916598294887,51.7,3.2264531609803355,56.5,5.084289527554465,68.9,8.584287972802404,72.1,13.743725841270264,65.5,9.922197337283713,71.0,7.628892449104261,62.3,4.172529209005013,7183.2,54.34482496061607,5718.7,66.80576322444045,5802.8,102.23384958026377,5669.7,63.15702652912026,5715.8,103.78516271606456,5719.1,75.84517123719874,5722.8,49.53746057278269,5747.0,3.207802986469088,116.8,5.15363949069005,99.8,6.9397406291589885,101.1,8.514105942493314,97.3,8.12465383877984,96.4,7.418894796396563,96.2,4.261455150532503,91.5,4.4328320518603,95.1,3.207802986469088,45.3,2.6095976701399777,51.6,4.608687448721165,49.6,4.294182110716777,66.5,11.723907198540937,62.8,6.539113089708726,60.7,8.626123115281858,64.6,9.656086163658648,56.5,4.716990566028302,3488.7,97.70982550388676,2858.1,49.4903020803066,2604.6,87.69401347868622,2872.6,58.077878749141654,2804.5,96.98582370635411,2796.2,55.5730150342772,2761.7,63.00801536312662,2726.6,3.5227829907617076,71.8,3.8678159211627428,59.3,4.290687590584987,60.8,5.912698199637793,58.3,4.1,55.7,4.075536774462967,60.0,3.40587727318528,56.6,4.694677837722201,59.7,3.5227829907617076,57.2,12.33531515608742,58.4,9.243376006633074,70.4,9.8812954616285,82.4,17.165080832900266,78.4,14.086873322352266,76.1,15.273833834371775,86.0,18.18240908130713,79.3,12.946428078817727,3694.5,79.70351309697709,2860.6,67.06444661666865,3198.2,151.50432337065502,2797.1,76.59301534735397,2911.3,80.90618023365087,2922.9,94.10255044365162,2961.1,55.118871541424,3020.4,3.3181320046074116,54.1,3.448187929913334,46.6,5.141984052872976,47.8,4.261455150532504,45.5,3.8535697735995385,46.4,3.411744421846396,43.8,3.4871191548325386,42.9,2.118962010041709,44.3,3.3181320046074116
8,4.5,8.507191666666667,0.10366123746501285,2.1665382788927885,0.11617222857015291,4.12881692721549,0.017826810395523387,0.06710951162583953,0.0010290195208491914,47.7,4.337049688440288,48.9,4.109744517606903,53.9,7.993122043357027,61.4,4.079215610874228,62.1,9.038252043398657,58.1,5.923681287847955,57.7,6.261788881781308,57.2,5.706137047074842,7165.4,92.8,5734.1,66.3587974574585,5786.1,59.982414089464584,5707.7,108.49336385235735,5751.6,88.94964867833937,5740.7,55.04007630808664,5758.4,70.40198860827725,5807.1,5.176871642217914,123.5,9.2655275079188,101.6,4.6946778377222005,100.6,7.605261336732618,98.5,5.835237784358063,98.7,4.583666654546336,103.4,3.5832945734337835,97.7,5.1000000000000005,99.0,5.176871642217914,44.9,2.467792535850613,47.5,3.0083217912982647,49.0,6.496152707564686,57.3,7.239475119095306,57.0,10.373041983911952,53.3,6.050619802962338,56.2,5.30659966456864,51.6,4.079215610874228,3541.9,74.27980883120257,2849.6,71.26177095750568,2622.9,78.36510703112705,2877.8,54.392646561828556,2806.6,72.28028776921133,2805.7,113.54122599302863,2806.0,84.39786727163192,2773.6,3.0724582991474434,75.2,5.723635208501674,62.8,3.9191835884530843,60.1,2.7367864366808017,59.2,4.331281565541543,57.6,3.2924155266308657,61.1,3.9610604640676716,60.5,3.8013155617496426,59.6,3.0724582991474434,54.6,12.86234815265082,58.2,7.318469785412795,72.7,9.487360012142473,67.3,9.849365461794987,65.8,10.225458424931373,69.8,14.441606558828557,74.3,11.180787092150533,73.1,8.84816365128946,3623.5,87.5217115920387,2884.5,83.56584230413765,3163.2,84.34073748788305,2829.9,109.77472386665339,2945.0,96.81425514871248,2935.0,114.96347245973392,2952.4,104.96589922446242,3033.5,3.605551275463989,52.9,2.071231517720798,44.0,3.1304951684997055,47.7,4.172529209005013,44.7,2.0024984394500787,45.7,3.689173349139344,45.6,3.6386810797320503,43.9,3.8587562763149474,46.0,3.605551275463989
9,5.0,9.115224999999999,0.11942656710529494,2.075134793778177,0.1284154519413891,4.035659110586161,0.018114985089575635,0.06258118007290861,0.0008621847655055677,45.6,2.8,45.8,3.0919249667480613,47.5,4.801041553663121,54.3,4.980963762164909,60.4,8.99110671719561,55.5,8.028075734570521,57.0,8.414273587185052,57.9,8.178630692236936,7149.3,83.67801383876173,5694.8,84.28143330532532,5798.8,61.22385156129922,5707.9,80.84361446644998,5756.9,68.13728788262708,5713.5,61.86477188190384,5746.6,75.94234655315834,5810.6,7.2034713853808015,123.8,11.115754585272203,100.8,4.377213725647858,106.4,8.272847151978574,99.0,3.605551275463989,100.8,6.64529909033446,101.3,8.319254774317228,102.1,5.57584074378026,110.1,7.2034713853808015,44.3,3.132091952673165,42.7,1.6155494421403513,43.6,4.841487374764082,53.7,6.000833275471,54.6,11.2,49.0,4.516635916254486,55.6,8.811356308764276,56.0,8.820430828479978,3545.7,58.136133342354306,2853.1,64.06941548039907,2619.6,52.39694647591594,2904.3,66.965737508072,2789.9,43.9396176587826,2808.3,53.06420639187964,2822.1,77.52863986940568,2704.2,3.2619012860600183,74.2,5.3814496188294845,61.7,2.238302928559939,62.7,5.459853477887479,62.6,4.651881339845203,59.4,4.903060268852505,61.1,2.844292530665579,62.8,3.3105890714493698,61.6,3.2619012860600183,52.1,8.275868534480233,52.0,11.41052146047673,67.3,14.771932845772078,63.6,8.368990381163071,67.6,11.85073837362044,63.5,7.513321502504734,71.8,15.948667655951702,68.9,12.251122397560152,3603.6,88.44568955014144,2841.7,75.16654841084564,3179.2,85.27109709626116,2803.6,49.26296783589068,2967.0,73.69531871157082,2905.2,52.42480329004582,2924.5,100.65907808041955,3106.4,4.006245124802026,56.0,4.959838707054898,45.7,4.73392015141785,49.6,2.973213749463701,45.1,4.253234063627347,46.7,2.2825424421026654,47.7,5.0803543183522155,45.0,4.266145801540309,51.5,4.006245124802026
10,5.5,9.699075,0.11603249036129698,1.981315072262174,0.10156769046920394,3.9558442519979478,0.016785109583352848,0.05878878867589784,0.0007760737722481569,43.1,2.3853720883753127,45.6,2.8000000000000003,46.2,3.944616584663204,55.9,11.81905241548577,54.7,8.414867794564572,50.9,4.90815647672321,49.9,4.437341546466758,50.7,4.026164427839479,7228.3,91.03081895709826,5764.9,98.98530193922733,5874.8,67.65027716129477,5703.0,58.51495535331117,5777.1,62.61860745816694,5728.2,77.18134489628954,5721.5,50.13631418443123,5785.1,7.632168761236874,119.8,6.881860213634101,105.4,6.770524351924304,106.3,6.634003316248795,107.2,6.8527366796047255,106.9,5.088221693283421,106.3,6.165225056719342,107.8,4.142463035441596,106.5,7.632168761236874,41.6,2.1071307505705477,43.0,2.4083189157584592,42.8,4.354308211415448,52.7,12.884486796143648,47.2,5.491812087098393,45.9,3.23882694814033,48.2,3.2186953878862163,47.8,4.214261501141095,3592.8,78.43060627076652,2871.8,63.197784771303496,2647.6,53.08521451402452,2874.3,59.86326085338152,2799.4,65.23066763417341,2786.9,58.15230004049711,2801.4,50.41864734401351,2715.2,6.512296062065975,74.7,3.579106033634656,62.6,4.8207883172775805,63.9,5.3,65.5,3.5846896657869842,63.1,2.3853720883753127,64.0,4.0743097574926725,65.3,4.405678154382138,65.3,6.512296062065975,47.5,6.15223536610881,52.6,5.851495535331117,59.6,9.635351576356724,63.8,10.934349546269315,60.5,8.163945124754331,58.6,5.71314274283428,58.2,9.239047569960878,61.3,10.890821823902913,3635.5,76.43461257833391,2893.1,67.8283863880013,3227.2,83.39640280012082,2828.7,65.64457327152031,2977.7,48.68480255685546,2941.3,98.09184471708134,2920.1,83.32160584146227,3069.9,3.8000000000000003,55.6,2.939387691339814,46.7,2.051828452868319,47.6,3.52703841770968,46.6,3.611094017053558,46.8,3.627671429443411,48.9,3.2388269481403293,46.5,3.5846896657869842,48.6,3.8000000000000003
11,6.0,10.204808333333334,0.10457350916673126,1.934275803999315,0.15980498506129287,3.893350567803769,0.014064010702995783,0.05587426974490285,0.000646261753100444,41.7,1.345362404707371,43.8,3.6,44.1,2.6248809496813377,50.8,7.011419257183242,48.2,5.653317610041028,46.1,3.014962686336267,50.2,6.20966987850401,47.9,3.8065732621348563,7213.1,69.76596591462057,5789.4,48.76105002971122,5831.7,72.84099120687472,5735.7,56.8014964591603,5785.7,45.59835523349499,5713.5,64.60843598168896,5774.7,44.42983232018775,5764.3,8.109253973085318,127.1,11.237882362794158,104.3,9.187491496594705,105.6,5.76541412215983,105.8,5.844655678480984,105.1,5.204805471869242,110.0,7.155417527999327,108.8,5.89576118919347,109.8,8.109253973085318,41.0,1.6733200530681511,43.9,4.036087214122113,40.6,1.4966629547095767,47.0,7.4565407529228995,46.2,6.779380502671317,43.7,1.7349351572897473,47.4,4.862098312457287,43.9,3.961060464067672,3549.9,58.01629081559765,2858.5,85.9107094604625,2646.3,40.7235803926914,2857.9,62.20683242217048,2809.8,59.83443824420849,2766.5,75.81325741583724,2784.5,41.53372123949406,2773.7,4.846648326421054,76.8,8.316249154516717,64.6,4.862098312457287,63.1,4.1340053217188775,64.9,6.331666447310692,63.2,5.173006862551025,66.1,8.030566605165541,65.0,3.924283374069717,66.1,4.846648326421054,46.8,6.896375859826667,46.9,7.244998274671982,51.9,5.412023651093923,57.7,11.322985472038724,57.2,8.997777503361593,52.5,7.619055059520177,56.0,7.252585745787498,60.3,13.820636743652587,3663.2,85.71090945731471,2930.9,80.86463998559567,3185.4,67.93555769992618,2877.8,58.058246614929736,2975.9,49.5730773706858,2947.0,84.69474599997334,2990.2,39.93444628387878,2990.6,4.3,55.4,2.5377155080899043,47.0,1.8439088914585775,47.8,2.4,48.9,1.7,47.6,2.4576411454889016,50.5,5.5901699437494745,48.5,3.383784863137726,49.1,4.3
12,6.5,10.7347,0.1299480195223376,1.8747543603288626,0.17072168457007997,3.833138766989868,0.015486445156690372,0.053124096676225176,0.0007034117036412078,40.8,1.16619037896906,40.6,1.8000000000000003,42.7,2.5317977802344327,46.1,4.657252408878008,46.4,4.1036569057366385,48.5,6.168468205316454,46.1,5.5578772926361015,44.7,2.7586228448267445,7199.1,76.96811027951772,5764.9,54.774903012237274,5928.9,71.42751570648387,5766.8,70.99408426059173,5768.0,76.61853561638985,5758.4,48.95140447423343,5769.2,46.79914529134053,5792.7,7.049113419430843,122.3,5.814636704042653,109.7,8.9,107.9,10.3,108.7,5.710516614107694,110.9,9.104394543296111,109.1,10.63437821407533,107.7,7.128113354878695,109.1,7.049113419430843,39.4,1.562049935181331,40.0,1.7888543819998317,41.5,3.0083217912982647,45.3,4.124318125460256,44.9,2.981610303175115,46.3,6.512296062065975,41.9,1.7578395831246947,41.7,1.8466185312619385,3560.6,59.91861146588763,2853.6,41.51915220714412,2658.4,34.33715189120961,2885.9,46.81121660457032,2789.8,39.29071137050079,2787.1,85.12631790462925,2828.8,61.18300417599646,2753.9,5.084289527554465,73.2,3.187475490101846,65.8,5.075431016179808,63.2,5.861740355901138,64.7,3.606937759374287,64.6,4.498888751680798,66.9,6.977822009767805,64.0,5.422176684690384,64.5,5.084289527554465,43.9,4.592385001282014,44.1,5.088221693283421,50.6,6.26418390534633,53.7,8.379140767405689,51.7,5.762811813689563,54.0,12.93058390019569,54.5,7.710382610480495,54.7,9.306449376641984,3638.5,104.0953889468693,2911.3,68.62951260208686,3270.5,89.21462884527402,2880.9,84.58303612427257,2978.2,63.83071361029892,2971.3,113.8429180933096,2940.4,89.03617242447027,3038.8,3.52845575287547,54.8,2.9257477676655586,50.7,7.335529974037323,50.7,3.287856444554719,47.4,3.6110940170535577,51.8,4.261455150532504,48.8,3.2802438933713454,50.2,4.093897898091744,48.5,3.52845575287547
13,7.0,11.161975000000002,0.12038805052135938,1.8058417872349568,0.19526044837082027,3.787979146209929,0.013086030151123798,0.051107872071634405,0.000662036367440293,39.8,1.6613247725836147,40.9,1.8138357147217055,43.2,4.4,46.3,9.550392662084633,45.2,6.734983296193095,43.1,3.047950130825634,44.6,5.936328831862332,42.1,2.5865034312755126,7226.9,45.502637286205726,5757.1,57.59765620231435,5830.0,89.05840780072367,5775.8,50.71055117034324,5803.7,84.44293931407172,5767.2,50.29075461752388,5773.4,54.046646519465014,5771.8,9.788258272031854,124.7,9.34933152690608,113.3,8.649277426467483,109.1,6.410148204214939,114.2,8.182909018191515,110.7,6.797793759742936,111.6,12.265398485169571,113.2,8.459314393022641,116.7,9.788258272031854,39.3,2.051828452868319,39.4,1.4966629547095767,38.9,2.2561028345356955,45.1,7.647875521999557,44.7,7.1,42.2,3.7363083384538807,42.2,1.9899748742132397,40.8,2.1354156504062622,3573.6,70.24129839346651,2831.5,42.57052971246658,2641.7,49.699195164509455,2866.3,55.711847932015324,2795.9,82.52084585121507,2799.6,93.29544469050992,2761.5,47.841927218706395,2745.9,8.092589202474075,76.2,3.8678159211627436,68.0,3.924283374069717,66.3,4.1,69.1,5.503635162326805,65.1,4.4147480109288235,67.5,6.946221994724902,68.0,4.312771730569565,70.1,8.092589202474075,44.9,5.85576638878294,44.9,6.441273166075167,47.6,6.514598989960932,48.0,11.832159566199232,57.3,16.26068879229905,49.7,11.688028062936878,50.6,8.511169132381285,49.9,8.324061508662703,3653.3,63.43508492939849,2925.6,51.28391560713749,3188.3,95.10630893899732,2909.5,69.09594778277523,3007.8,123.14528005571304,2967.6,96.36825203354059,3011.9,61.44176104247013,3025.9,2.8442925306655784,57.0,4.494441010848846,48.8,4.331281565541543,50.8,5.1536394906900505,50.9,3.3600595232822887,50.1,4.459820624195551,49.9,5.223983154643591,49.2,3.682390527904394,50.1,2.8442925306655784
14,7.5,11.633233333333333,0.11885383647339492,1.7477238241506796,0.21018075042018908,3.740008934062753,0.012148637755322432,0.049142309189953236,0.0005789518541133865,38.6,1.4966629547095764,39.4,1.3564659966250536,42.0,4.919349550499537,41.5,2.692582403567252,43.8,3.1874754901018454,40.7,1.5524174696260022,43.5,3.2326459750489227,42.0,6.0332412515993425,7152.6,83.22643810713036,5835.7,97.19161486465795,5876.6,57.806920000982586,5732.1,66.01280178874397,5794.9,63.07051609111821,5740.0,75.98289281147434,5786.7,79.19475992766188,5826.0,7.984985911070852,124.5,6.726812023536855,118.5,14.347473645210156,117.6,10.480458005259122,111.7,5.330103188494572,117.4,12.330450113438681,116.7,8.69540108333135,112.4,5.642694391866353,117.2,7.984985911070852,38.2,1.2489995996796797,39.2,1.6613247725836147,38.6,1.8,40.4,2.4166091947189146,42.1,2.5079872407968904,40.5,2.0124611797498106,42.4,3.555277766926235,39.5,2.1095023109728985,3540.2,52.04190619106875,2833.9,39.00371777151506,2623.5,59.8218187620537,2868.2,37.077756134911944,2778.1,53.93227234226275,2793.7,76.53110478753067,2807.7,60.436826521583676,2791.7,2.4186773244895647,75.2,5.670978751503131,69.6,7.96492310069595,70.7,7.211795892841117,68.6,5.4626001134990645,66.3,5.797413216254298,71.7,6.181423784210237,66.3,3.7960505792204615,67.5,2.4186773244895647,40.1,3.2388269481403293,40.7,2.0518284528683193,48.4,6.343500610861483,47.3,5.657738063926255,49.0,5.585696017507576,48.5,7.379024325749306,44.4,5.314132102234569,50.7,10.159232254457027,3612.4,89.31763543668183,3001.8,117.07331036577038,3253.1,61.813348073049724,2863.9,79.20284085814093,3016.8,71.00816854418933,2946.3,76.17749011354995,2979.0,93.57029443151282,3034.3,5.059644256269407,56.1,5.3,51.7,6.1,52.2,4.728636167014756,47.5,2.0615528128088303,53.7,7.156116265125937,49.4,4.294182110716778,51.9,2.7,54.0,5.059644256269407
15,8.0,12.024875,0.13499570337812808,1.7479711961929847,0.24505234908911722,3.7025750890282465,0.013017377135163363,0.04766440131202158,0.0006271895211135793,39.7,1.3453624047073711,39.0,1.8439088914585775,39.6,1.2,44.2,4.643274706497559,42.7,2.3685438564654024,40.5,2.3769728648009427,41.7,3.3481338085566414,40.5,2.202271554554524,7177.8,52.27771991967515,5771.5,61.43655263766026,5847.4,79.73731874097598,5745.1,68.04770385545716,5789.2,67.54968541747623,5786.8,60.776311174667384,5760.4,85.41803088341477,5798.9,10.35615758860399,126.2,13.876599006961325,116.6,10.836973747315252,116.8,9.693296652842108,118.0,16.1245154965971,112.3,9.022749026765624,117.4,7.631513611335565,118.3,7.043436661176133,115.5,10.35615758860399,39.2,3.059411708155671,38.1,1.8138357147217052,39.0,1.61245154965971,42.3,5.728001396647874,39.9,2.8442925306655784,39.2,2.6758176320519307,41.3,3.0675723300355937,40.0,1.61245154965971,3520.2,93.62884171023371,2869.2,79.5711002814464,2673.4,41.96712999479474,2879.9,55.545386847154106,2809.3,67.67281581255504,2831.4,63.665061061778616,2786.5,69.24196704311628,2772.9,4.791659420284375,77.6,8.284926070883191,70.8,4.377213725647858,71.6,7.901898506055363,70.4,6.327716807822551,67.7,5.177837386399847,69.9,6.040695324215583,69.9,5.107837115648853,70.2,4.791659420284375,41.3,3.001666203960727,40.7,2.9,44.4,4.903060268852505,45.4,5.834380858325929,45.5,5.084289527554465,44.4,4.2708313008125245,43.7,5.060632371551998,44.0,4.09878030638384,3657.6,97.76216036892801,2902.3,85.81847120521316,3174.0,90.25408578009086,2865.2,68.96346859026161,2979.9,69.64258754526573,2955.4,92.90769612900752,2973.9,147.9786808969454,3026.0,3.006659275674582,59.2,6.8527366796047255,52.2,5.979966555090422,52.7,3.874274125562103,53.7,8.683893136145793,51.0,3.3763886032268267,49.9,3.3301651610693423,52.4,4.586937976471886,51.4,3.006659275674582
16,8.5,12.417175,0.12162443302368697,1.6955529669332836,0.24288300604366728,3.6674739356790353,0.010884505469511006,0.04619072287246009,0.0005755944781023759,38.1,2.6248809496813377,39.1,1.57797338380595,39.0,1.4832396974191326,40.5,2.1095023109728985,39.7,2.4919871588754225,41.3,1.3453624047073711,41.8,2.08806130178211,39.0,2.0,7255.0,73.53230582539895,5809.2,60.776311174667384,5853.0,63.54211202029722,5784.2,70.84320715495593,5832.5,41.68992684090487,5832.0,90.19866961324873,5818.7,67.55597678962239,5790.3,3.848376280978772,128.9,10.054352291420866,117.0,11.840608092492547,116.5,13.987494414654828,115.2,6.569627082262737,116.6,10.394229168149026,117.0,10.954451150103322,119.6,10.131140113531153,110.3,3.848376280978772,37.7,2.491987158875422,38.2,1.7776388834631178,38.2,0.8717797887081347,39.8,3.0919249667480617,39.1,2.5865034312755126,39.1,2.5865034312755126,39.8,2.0396078054371136,38.5,2.0124611797498106,3583.1,96.84879968280453,2891.6,52.29952198634324,2705.9,51.31169457345957,2865.0,74.61099114741742,2833.8,48.391734831477166,2842.2,60.25246882908616,2803.9,65.0022307309526,2789.4,3.1,77.2,6.881860213634101,71.9,7.161703707917551,69.2,7.717512552629895,69.2,2.1354156504062622,69.0,3.82099463490856,70.1,4.414748010928823,70.1,6.040695324215582,65.7,3.1,40.0,3.286335345030997,42.3,5.550675634551167,43.6,4.983974317750845,44.4,9.090654541890808,44.9,5.127377497317708,45.1,3.448187929913334,45.4,6.359245238233859,44.2,5.2306787322488075,3671.9,93.36535760120024,2917.6,48.820487502686824,3147.1,62.21326225170964,2919.2,111.68598837813094,2998.7,46.43931524042963,2989.8,110.03435827049658,3014.8,81.05528977185881,3000.9,3.1064449134018135,58.6,4.1036569057366385,53.5,5.426785420486054,53.2,5.455272678794342,51.0,3.492849839314596,51.8,7.782030583337488,56.6,7.323933369440222,55.1,3.3301651610693423,49.5,3.1064449134018135
17,9.0,12.814499999999999,0.13541817947872933,1.762386857008422,0.2786358888836447,3.6349758818924855,0.012004559010469368,0.044845735836867504,0.0005245888929378647,37.5,0.9219544457292888,37.1,2.211334438749598,38.6,2.2,39.7,1.345362404707371,42.4,6.216108107168021,39.7,1.6155494421403513,38.9,2.5079872407968904,39.0,2.32379000772445,7205.5,58.28936438150617,5830.2,89.9486520188046,5816.2,65.21932229025383,5790.9,77.97236690007557,5812.0,48.662100242385755,5841.5,66.87338783103485,5838.4,70.33235386363803,5842.8,14.927826365549674,123.4,7.144228439796701,121.2,12.765578717786358,113.5,5.408326913195984,117.1,12.621014222319852,119.8,12.50439922587247,115.8,13.295111883696203,123.4,10.47091209016674,113.6,14.927826365549674,37.1,1.0440306508910548,36.9,2.118962010041709,37.4,2.5768197453450252,38.8,1.8867962264113207,38.2,1.6613247725836149,40.0,1.61245154965971,37.7,2.325940669922601,38.2,2.2271057451320084,3557.9,65.71826230204204,2896.0,47.31807265728392,2702.8,40.923831687660915,2894.3,78.64610607016726,2816.6,46.048235579661466,2847.5,61.31272298634273,2815.0,33.31666249791537,2800.5,7.2,73.9,3.806573262134856,69.4,7.889233169326408,70.0,4.753945729601885,72.5,7.269800547470337,72.5,8.868483523128406,70.4,8.2365041127896,72.8,7.678541528180986,67.6,7.2,38.9,2.211334438749598,40.1,4.548626166217663,40.3,4.172529209005013,40.2,3.340658617698013,45.1,6.236184731067546,43.0,5.639148871948674,46.8,6.20966987850401,43.6,5.748043145279966,3647.6,93.46250585127707,2934.2,88.24148684150784,3113.4,73.7213673231852,2896.6,94.03318563145673,2995.4,56.42020914530537,2994.0,68.43390972317744,3023.4,73.63042849257364,3042.3,7.652450587883597,55.5,2.6172504656604803,55.1,5.5578772926361015,50.9,3.448187929913334,51.4,4.6946778377222005,51.7,3.6619666847201113,52.5,3.8535697735995385,53.5,4.544227107000705,52.2,7.652450587883597
18,9.5,13.163958333333335,0.12956797202626888,1.7182830673048257,0.2642577910718802,3.6060653383576096,0.010260484711326021,0.04378023182692163,0.0004868281650815757,37.0,1.5491933384829668,37.4,1.8547236990991405,38.7,1.8466185312619385,39.9,3.047950130825634,39.4,1.7999999999999998,39.2,3.059411708155671,38.2,2.4,38.1,2.118962010041709,7246.5,49.57267392424984,5793.9,66.99619392174453,5892.2,85.14199903690304,5836.7,81.37327571137837,5831.0,63.36244944760264,5815.2,83.90089391657277,5776.3,66.72937883721082,5855.1,12.907362240210041,126.5,4.8218253804964775,123.2,14.323407415835103,118.2,11.634431657799189,116.2,10.428806259586953,116.6,11.173182178770737,118.0,8.854377448471462,117.7,5.933801479658718,125.0,12.907362240210041,36.6,1.4966629547095767,36.8,1.9390719429665315,37.2,1.9390719429665315,39.3,3.1,36.3,1.4866068747318506,39.2,3.5156791662493894,37.7,2.325940669922601,38.1,2.467792535850613,3578.0,44.391440616407124,2914.8,69.15750140078805,2712.7,51.526789148946584,2932.4,65.37308314589423,2788.1,63.73295850656864,2890.4,77.04570072366141,2814.8,42.011427016943856,2832.7,11.090987332063815,77.3,4.817675788178362,75.2,7.794870107962031,73.3,7.1000000000000005,69.4,6.2960304954788775,68.6,7.364781055808788,70.4,6.829348431585549,70.0,4.516635916254486,73.3,11.090987332063815,39.5,2.3769728648009427,40.9,4.784349485562275,40.8,4.190465367951393,41.1,5.048762224545736,41.4,3.6932370625238775,41.9,4.7,42.6,3.4698703145794942,39.8,3.5721142198983507,3668.5,66.09122483355866,2879.1,87.50022857113002,3179.5,92.99059092187768,2904.3,87.16656469082626,3042.9,77.94158068707614,2924.8,89.6424006818202,2961.5,86.09210184447817,3022.4,5.48543526076099,57.1,2.5079872407968904,52.3,6.1,50.3,3.6345563690772495,52.2,5.0556898639058145,54.1,3.753664875824692,53.7,5.441507144165116,52.0,3.847076812334269,53.9,5.48543526076099
19,10.0,13.514908333333333,0.14010659607559142,1.6660460366817638,0.2538863845859642,3.579642122647171,0.010817889912323,0.04272969863179045,0.00048198648240279415,37.5,2.0124611797498106,37.1,1.1357816691600546,38.4,1.2806248474865698,38.7,1.8466185312619385,37.8,1.8330302779823358,38.3,1.9000000000000001,38.9,1.6401219466856727,37.6,1.562049935181331,7200.3,58.134413216269756,5834.6,63.15726403193856,5843.8,70.82485439448499,5772.7,57.00535062605966,5834.2,72.17589625352775,5796.1,68.32049472888791,5828.2,82.02170444461636,5840.7,9.60260381354974,136.4,20.401960690090547,119.3,12.08345976945345,116.5,9.749358953285082,123.5,7.392563831310488,124.0,13.914021704740868,118.6,10.32666451474047,120.1,13.7,120.3,9.60260381354974,35.8,1.16619037896906,36.4,1.019803902718557,37.1,1.5132745950421556,38.3,1.5524174696260022,36.7,2.325940669922601,36.9,2.1656407827707715,37.2,1.7776388834631176,37.5,1.8027756377319946,3561.4,92.57559073535529,2855.1,40.19067055922307,2761.4,60.279681485555315,2888.4,25.70291812226775,2842.6,90.37499654218529,2869.2,69.93825848560999,2830.3,61.99685475893112,2825.6,5.332916650389354,84.1,11.22007130102122,71.9,6.073713855624086,70.1,5.52177507691141,73.7,5.866003750424986,71.1,7.23118247591637,70.5,6.2809234989768825,70.9,7.930321557162736,71.4,5.332916650389354,38.9,2.5079872407968904,37.5,1.9621416870348585,40.9,3.7,37.8,1.32664991614216,41.1,3.534119409414459,42.5,4.695742752749559,41.7,4.712748667179271,43.4,6.151422599691879,3638.9,89.29216091012694,2979.5,67.84725491867744,3082.4,79.49993710689337,2884.3,62.157943981441335,2991.6,107.36405357474166,2926.9,119.45162200656799,2997.9,74.7642294148746,3015.1,4.669047011971501,60.3,8.025584090893322,54.4,5.6780278266313555,52.6,5.76541412215983,52.6,5.76541412215983,55.4,6.726068688320094,52.9,5.223983154643591,53.4,5.868560300448483,54.0,4.669047011971501
